<?xml version="1.0" encoding="utf-8"?>
<extension type="plugin" group="cck_storage_location" version="2.5" method="upgrade">
	<name>plg_cck_storage_location_joomla_category</name>
	<author>Octopoos</author>
	<authorEmail>contact@seblod.com</authorEmail>
	<authorUrl>http://www.seblod.com</authorUrl>
	<copyright>Copyright (C) 2013 SEBLOD. All Rights Reserved.</copyright>
	<license>GNU General Public License version 2 or later.</license>
	<creationDate>January 2011</creationDate>
	<description>SEBLOD 3.x - www.seblod.com // by Octopoos - www.octopoos.com</description>
	<version>3.0.0</version>
	
	<scriptfile>install/script.php</scriptfile>
	
	<files>
		<folder>classes</folder>
		<folder>install</folder>
		<folder>tmpl</folder>
		
		<filename plugin="joomla_category">joomla_category.php</filename>
		<filename>config.xml</filename>
		<filename>index.html</filename>
	</files>
	
	<languages folder="languages">
		<language tag="en-GB">en-GB/en-GB.plg_cck_storage_location_joomla_category.ini</language>
		<language tag="en-GB">en-GB/en-GB.plg_cck_storage_location_joomla_category.sys.ini</language>
		<language tag="fr-FR">fr-FR/fr-FR.plg_cck_storage_location_joomla_category.ini</language>
		<language tag="fr-FR">fr-FR/fr-FR.plg_cck_storage_location_joomla_category.sys.ini</language>
	</languages>
	
	<config>
		<fields name="params" addfieldpath="/libraries/cck/construction/field">
			<fieldset name="basic" addfieldpath="/administrator/components/com_categories/models/fields">
				<field name="base_default-access" type="sql" default="1" label="LIB_CCK_STORAGE_LOCATION_DEFAULT_ACCESS" description="LIB_CCK_STORAGE_LOCATION_DEFAULT_ACCESS_DESC"
					   key_field="id" value_field="title" class="inputbox" query="select id, title from #__viewlevels order by title ASC">
				</field>
				<field name="base_default-created_user_id" type="sql" default="0" label="LIB_CCK_STORAGE_LOCATION_DEFAULT_AUTHOR" description="LIB_CCK_STORAGE_LOCATION_DEFAULT_AUTHOR_DESC"
					   key_field="id" value_field="name" class="inputbox" query="select id, name from #__users where id IN (select distinct(user_id) from #__user_usergroup_map where group_id = 8) order by name ASC">
					<option value="0">JOPTION_USE_DEFAULT</option>
				</field>
				<field name="base_default-parent_id" type="categoryparent" label="LIB_CCK_STORAGE_LOCATION_DEFAULT_PARENT" description="LIB_CCK_STORAGE_LOCATION_DEFAULT_PARENT_DESC" class="inputbox" />
				<field name="base_default-published" type="list" default="1" label="LIB_CCK_STORAGE_LOCATION_DEFAULT_STATE" description="LIB_CCK_STORAGE_LOCATION_DEFAULT_STATE_DESC" class="inputbox">
					<option value="1">JPUBLISHED</option>
					<option value="0">JUNPUBLISHED</option>
					<option value="2">JARCHIVED</option>
					<option value="-2">JTRASHED</option>
				</field>
				<field name="" type="spacer" hr="true" />
				<field name="item_tag_title" type="cck" construction="core_tag_title" default="h2" label="LIB_CCK_STORAGE_LOCATION_ITEM_TITLE_TAG_CLASS" description="LIB_CCK_STORAGE_LOCATION_ITEM_TITLE_TAG_CLASS_DESC" class="inputbox" />
				<field name="item_class_title" type="cck" construction="core_class_title" default="" label="" description="" class="inputbox"  js_appendto="jform_params_item_tag_title" js_format="html" hidden="true" />
				<field name="item_separator" type="radio" default="1" label="LIB_CCK_STORAGE_LOCATION_ITEM_SEPARATOR" description="LIB_CCK_STORAGE_LOCATION_ITEM_SEPARATOR_DESC" class="btn-group">
					<option value="1">JSHOW</option>
					<option value="0">JHIDE</option>
				</field>
			</fieldset>
			
			<fieldset name="advanced">
				<field name="group" type="text" default="PLG_CCK_STORAGE_LOCATION_GROUP_JOOMLA" label="LIB_CCK_GROUP_LABEL" size="60" description="LIB_CCK_STORAGE_LOCATION_GROUP_DESC" />
				<field name="export" type="cckexport" default="" label="LIB_CCK_EXPORT_LABEL" description="LIB_CCK_STORAGE_LOCATION_EXPORT_DESC" />
			</fieldset>
		</fields>
	</config>
	
	<cck_integration>
		<component>com_categories</component>
		<options>{"default_type":"category","add":"1","add_layout":"icon","add_alt":"2","add_redirect":"1","edit":"0","edit_alt":"1","exclude":""}</options>
		<vars />
		<view />
	</cck_integration>
</extension>