<?xml version="1.0" encoding="utf-8" ?>
<access component="com_cck">
	<section name="component">
		<action name="core.admin" title="JACTION_ADMIN" description="JACTION_ADMIN_COMPONENT_DESC" />
		<action name="core.manage" title="JACTION_MANAGE" description="JACTION_MANAGE_COMPONENT_DESC" />
		<action name="core.create" title="JACTION_CREATE" description="JACTION_CREATE_COMPONENT_DESC" />
		<action name="core.delete" title="JACTION_DELETE" description="JACTION_DELETE_COMPONENT_DESC" />
		<action name="core.delete.own" title="COM_CCK_ACTION_DELETEOWN" description="COM_CCK_ACCESS_DELETEOWN_COMPONENT_DESC" />
		<action name="core.edit" title="JACTION_EDIT" description="JACTION_EDIT_COMPONENT_DESC" />
		<action name="core.edit.state" title="JACTION_EDITSTATE" description="JACTION_EDITSTATE_COMPONENT_DESC" />
		<action name="core.edit.own" title="JACTION_EDITOWN" description="JACTION_EDITOWN_COMPONENT_DESC" />
		<action name="core.export" title="COM_CCK_ACTION_EXPORT" description="COM_CCK_ACTION_EXPORT_DESC" />
		<action name="core.process" title="COM_CCK_ACTION_PROCESS" description="COM_CCK_ACTION_PROCESS_DESC" />
	</section>
	<section name="folder">
		<action name="core.create" title="JACTION_CREATE" description="COM_CCK_ACCESS_CREATE_DESC" />
		<action name="core.delete" title="JACTION_DELETE" description="COM_CCK_ACCESS_DELETE_DESC" />
		<action name="core.delete.own" title="COM_CCK_ACTION_DELETEOWN" description="COM_CCK_ACCESS_DELETEOWN_DESC" />
		<action name="core.edit" title="JACTION_EDIT" description="COM_CCK_ACCESS_EDIT_DESC" />
		<action name="core.edit.state" title="JACTION_EDITSTATE" description="COM_CCK_ACCESS_EDITSTATE_DESC" />
		<action name="core.edit.own" title="JACTION_EDITOWN" description="COM_CCK_ACCESS_EDITOWN_DESC" />
		<action name="core.export" title="COM_CCK_ACTION_EXPORT" description="COM_CCK_ACTION_EXPORT_DESC" />
		<action name="core.process" title="COM_CCK_ACTION_PROCESS" description="COM_CCK_ACTION_PROCESS_DESC" />
	</section>
	<section name="form">
		<action name="core.create" title="JACTION_CREATE" description="COM_CCK_ACCESS_CREATE_DESC" />
		<action name="core.create.max.parent" title="COM_CCK_ACTION_CREATE_MAX_PARENT" description="COM_CCK_ACCESS_CREATE_MAX_PARENT_DESC" input_type="text" var_type="int" />
		<action name="core.create.max.parent.author" title="COM_CCK_ACTION_CREATE_MAX_PARENT_AUTHOR" description="COM_CCK_ACCESS_CREATE_MAX_PARENT_AUTHOR_DESC" input_type="text" var_type="int" />
		<action name="core.create.max.author" title="COM_CCK_ACTION_CREATE_MAX_AUTHOR" description="COM_CCK_ACCESS_CREATE_MAX_AUTHOR_DESC" input_type="text" var_type="int" />
		<action name="core.delete" title="JACTION_DELETE" description="COM_CCK_ACCESS_DELETE_DESC" />
		<action name="core.delete.own" title="COM_CCK_ACTION_DELETEOWN" description="COM_CCK_ACCESS_DELETEOWN_DESC" />
		<action name="core.edit" title="JACTION_EDIT" description="COM_CCK_ACCESS_EDIT_DESC" />
		<action name="core.edit.own" title="JACTION_EDITOWN" description="COM_CCK_ACCESS_EDITOWN_DESC" />
		<action name="core.edit.own.content" title="COM_CCK_ACTION_EDITOWN_CONTENT" description="COM_CCK_ACCESS_EDITOWN_CONTENT_DESC" input_type="text" var_type="string" />
		<action name="core.export" title="COM_CCK_ACTION_EXPORT" description="COM_CCK_ACTION_EXPORT_DESC" />
		<action name="core.process" title="COM_CCK_ACTION_PROCESS" description="COM_CCK_ACTION_PROCESS_DESC" />
	</section>
</access>