<?xml version="1.0" encoding="utf-8"?>
<extension type="module" client="administrator" version="2.5" method="upgrade">
	<name>mod_cck_menu</name>
	<author>Octopoos</author>
	<authorEmail>contact@seblod.com</authorEmail>
	<authorUrl>http://www.seblod.com</authorUrl>
	<copyright>Copyright (C) 2013 SEBLOD. All Rights Reserved.</copyright>
	<license>GNU General Public License version 2 or later.</license>
	<creationDate>January 2011</creationDate>
	<description>LIB_CCK_EXTENSION_DESCRIPTION</description>
	<version>3.0.0</version>

	<files>
		<folder>assets</folder>
		<folder>tmpl</folder>
		
		<filename module="mod_cck_menu">mod_cck_menu.php</filename>
		<filename>cck_menu.php</filename>
		<filename>helper.php</filename>
		<filename>index.html</filename>
	</files>

	<languages folder="languages">
			<language tag="en-GB">en-GB/en-GB.mod_cck_menu.ini</language>
			<language tag="en-GB">en-GB/en-GB.mod_cck_menu.sys.ini</language>
			<language tag="fr-FR">fr-FR/fr-FR.mod_cck_menu.ini</language>
			<language tag="fr-FR">fr-FR/fr-FR.mod_cck_menu.sys.ini</language>
	</languages>

	<config>
		<fields name="params" addfieldpath="/libraries/cck/construction/field">
			<fieldset name="basic">
				<field name="mode" type="list" default="2" label="MOD_CCK_MENU_MODE" description="MOD_CCK_MENU_MODE_DESC" class="inputbox">
					<option value="6">MOD_CCK_MENU_ADDONS</option>
					<option value="0">MOD_CCK_MENU_CUSTOM</option>
					<option value="2">MOD_CCK_MENU_CONSTRUCTION</option>
					<option value="3">MOD_CCK_MENU_ECOMMERCE</option>
					<option value="4">MOD_CCK_MENU_FORMS</option>
					<option value="5">MOD_CCK_MENU_LISTS</option>
				</field>
				<field name="menutitle" type="text" default="" label="MOD_CCK_MENU_ROOT_TITLE" description="MOD_CCK_MENU_ROOT_TITLE_DESC" class="inputbox" />
				<field name="cck_new" type="radio" default="0" label="MOD_CCK_MENU_NEW_SHORTCUTS" description="MOD_CCK_MENU_NEW_SHORTCUTS_DESC" class="btn-group">
					<option value="1">JSHOW</option>
					<option value="0">JHIDE</option>
				</field>
				<field name="cck_ecommerce" type="radio" default="1" label="MOD_CCK_MENU_ECOMMERCE" description="MOD_CCK_MENU_ECOMMERCE_DESC" class="btn-group">
					<option value="0">MOD_CCK_MENU_BASIC</option>
					<option value="1">MOD_CCK_MENU_STANDARD</option>
				</field>
				<field name="" type="spacer" hr="false" />
				<field name="cckjs" type="cckjs" label="" description="" js_isvisiblewhen="#jform_params_cck_new='jform_params_mode','2',true" js_format="html" hidden="true" />
				<field name="cckjs2" type="cckjs" label="" description="" js_isvisiblewhen="#jform_params_cck_ecommerce='jform_params_mode','3',true" js_format="html" hidden="true" />
			</fieldset>
			<fieldset name="cck-links-component" label="MOD_CCK_MENU_LINKS_COMPONENT">
				<field name="enable01" type="radio" default="0" label="MOD_CCK_MENU_ENABLE_01" description="MOD_CCK_MENU_ENABLE_DESC" class="btn-group">
					<option value="0">JNO</option>
					<option value="1">JYES</option>
				</field>
				<field name="component01" type="sql" default="" label="MOD_CCK_MENU_COMPONENT" description="MOD_CCK_MENU_COMPONENT_DESC" query="SELECT CONCAT(alias,
				CONCAT('||', CONCAT(link, CONCAT('||', img)))) as myval, path FROM #__menu WHERE client_id=1 AND alias != '' AND link != '' AND link !=
				'option=com_user' AND link != 'option=com_wrapper' ORDER BY path"
				key_field="myval" value_field="path" class="inputbox" />
				<field name="" type="spacer" hr="false" />
				<field name="" type="spacer" hr="true" />
				<field name="" type="spacer" hr="false" />		
				<field name="enable02" type="radio" default="0" label="MOD_CCK_MENU_ENABLE_02" description="MOD_CCK_MENU_ENABLE_DESC" class="btn-group">
					<option value="0">JNO</option>
					<option value="1">JYES</option>
				</field>
				<field name="component02" type="sql" default="" label="MOD_CCK_MENU_COMPONENT" description="MOD_CCK_MENU_COMPONENT_DESC" query="SELECT CONCAT(alias,
				CONCAT('||', CONCAT(link, CONCAT('||', img)))) as myval, path FROM #__menu WHERE client_id=1 AND alias != '' AND link != '' AND link !=
				'option=com_user' AND link != 'option=com_wrapper' ORDER BY path"
				key_field="myval" value_field="path" class="inputbox" />
				<field name="" type="spacer" hr="false" />
				<field name="" type="spacer" hr="true" />
				<field name="" type="spacer" hr="false" />		
				<field name="enable03" type="radio" default="0" label="MOD_CCK_MENU_ENABLE_03" description="MOD_CCK_MENU_ENABLE_DESC" class="btn-group">
					<option value="0">JNO</option>
					<option value="1">JYES</option>
				</field>
				<field name="component03" type="sql" default="" label="MOD_CCK_MENU_COMPONENT" description="MOD_CCK_MENU_COMPONENT_DESC" query="SELECT CONCAT(alias,
				CONCAT('||', CONCAT(link, CONCAT('||', img)))) as myval, path FROM #__menu WHERE client_id=1 AND alias != '' AND link != '' AND link !=
				'option=com_user' AND link != 'option=com_wrapper' ORDER BY path"
				key_field="myval" value_field="path" class="inputbox" />
				<field name="" type="spacer" hr="false" />
				<field name="" type="spacer" hr="true" />
				<field name="" type="spacer" hr="false" />		
				<field name="enable04" type="radio" default="0" label="MOD_CCK_MENU_ENABLE_04" description="MOD_CCK_MENU_ENABLE_DESC" class="btn-group">
					<option value="0">JNO</option>
					<option value="1">JYES</option>
				</field>
				<field name="component04" type="sql" default="" label="MOD_CCK_MENU_COMPONENT" description="MOD_CCK_MENU_COMPONENT_DESC" query="SELECT CONCAT(alias,
				CONCAT('||', CONCAT(link, CONCAT('||', img)))) as myval, path FROM #__menu WHERE client_id=1 AND alias != '' AND link != '' AND link !=
				'option=com_user' AND link != 'option=com_wrapper' ORDER BY path"
				key_field="myval" value_field="path" class="inputbox" />
				<field name="" type="spacer" hr="false" />
				<field name="" type="spacer" hr="true" />
				<field name="" type="spacer" hr="false" />		
				<field name="enable05" type="radio" default="0" label="MOD_CCK_MENU_ENABLE_05" description="MOD_CCK_MENU_ENABLE_DESC" class="btn-group">
					<option value="0">JNO</option>
					<option value="1">JYES</option>
				</field>
				<field name="component05" type="sql" default="" label="MOD_CCK_MENU_COMPONENT" description="MOD_CCK_MENU_COMPONENT_DESC" query="SELECT CONCAT(alias,
				CONCAT('||', CONCAT(link, CONCAT('||', img)))) as myval, path FROM #__menu WHERE client_id=1 AND path != '' AND link != '' AND link !=
				'option=com_user' AND link != 'option=com_wrapper' ORDER BY path"
				key_field="myval" value_field="path" class="inputbox" />
				<field name="" type="spacer" hr="false" />
			</fieldset>
			<fieldset name="cck-links-custom" label="MOD_CCK_MENU_LINKS_CUSTOM">
				<field name="free01" type="radio" default="0" label="MOD_CCK_MENU_ENABLE_01" description="MOD_CCK_MENU_ENABLE_DESC" class="btn-group">
					<option value="0">JNO</option>
					<option value="1">JYES</option>
				</field>
				<field name="free01_title" type="text" default="Title 01" label="MOD_CCK_MENU_TITLE" description="MOD_CCK_MENU_TITLE_DESC" class="inputbox" />
				<field name="free01_url" type="text" default="index.php" label="MOD_CCK_MENU_LINK" description="MOD_CCK_MENU_LINK_DESC" class="inputbox" size="32" />
				<field name="free01_icon" type="imagelist" default="" label="MOD_CCK_MENU_ICON" description="MOD_CCK_MENU_ICON_DESC" directory="administrator/templates/bluestork/images/menu/" exclude="icon-16-component.png" stripext="" hide_none="true" class="inputbox" />
				<field name="" type="spacer" hr="false" />
				<field name="" type="spacer" hr="true" />
				<field name="" type="spacer" hr="false" />
				<field name="free02" type="radio" default="0" label="MOD_CCK_MENU_ENABLE_02" description="MOD_CCK_MENU_ENABLE_DESC" class="btn-group">
					<option value="0">JNO</option>
					<option value="1">JYES</option>
				</field>
				<field name="free02_title" type="text" default="Title 02" label="MOD_CCK_MENU_TITLE" description="MOD_CCK_MENU_TITLE_DESC" class="inputbox" />
				<field name="free02_url" type="text" default="index.php" label="MOD_CCK_MENU_LINK" description="MOD_CCK_MENU_LINK_DESC" class="inputbox" size="32" />
				<field name="free02_icon" type="imagelist" default="" label="MOD_CCK_MENU_ICON" description="MOD_CCK_MENU_ICON_DESC" directory="administrator/templates/bluestork/images/menu/" exclude="icon-16-component.png" stripext="" hide_none="true" class="inputbox" />
				<field name="" type="spacer" hr="false" />
				<field name="" type="spacer" hr="true" />
				<field name="" type="spacer" hr="false" />
				<field name="free03" type="radio" default="0" label="MOD_CCK_MENU_ENABLE_03" description="MOD_CCK_MENU_ENABLE_DESC" class="btn-group">
					<option value="0">JNO</option>
					<option value="1">JYES</option>
				</field>
				<field name="free03_title" type="text" default="Title 03" label="MOD_CCK_MENU_TITLE" description="MOD_CCK_MENU_TITLE_DESC" class="inputbox" />
				<field name="free03_url" type="text" default="index.php" label="MOD_CCK_MENU_LINK" description="MOD_CCK_MENU_LINK_DESC" class="inputbox" size="32" />
				<field name="free03_icon" type="imagelist" default="" label="MOD_CCK_MENU_ICON" description="MOD_CCK_MENU_ICON_DESC" directory="administrator/templates/bluestork/images/menu/" exclude="icon-16-component.png" stripext="" hide_none="true" class="inputbox" />
				<field name="" type="spacer" hr="false" />
				<field name="" type="spacer" hr="true" />
				<field name="" type="spacer" hr="false" />
				<field name="free04" type="radio" default="0" label="MOD_CCK_MENU_ENABLE_04" description="MOD_CCK_MENU_ENABLE_DESC" class="btn-group">
					<option value="0">JNO</option>
					<option value="1">JYES</option>
				</field>
				<field name="free04_title" type="text" default="Title 04" label="MOD_CCK_MENU_TITLE" description="MOD_CCK_MENU_TITLE_DESC" class="inputbox" />
				<field name="free04_url" type="text" default="index.php" label="MOD_CCK_MENU_LINK" description="MOD_CCK_MENU_LINK_DESC" class="inputbox" size="32" />
				<field name="free04_icon" type="imagelist" default="" label="MOD_CCK_MENU_ICON" description="MOD_CCK_MENU_ICON_DESC" directory="administrator/templates/bluestork/images/menu/" exclude="icon-16-component.png" stripext="" hide_none="true" class="inputbox" />
				<field name="" type="spacer" hr="false" />
				<field name="" type="spacer" hr="true" />
				<field name="" type="spacer" hr="false" />
				<field name="free05" type="radio" default="0" label="MOD_CCK_MENU_ENABLE_05" description="MOD_CCK_MENU_ENABLE_DESC" class="btn-group">
					<option value="0">JNO</option>
					<option value="1">JYES</option>
				</field>
				<field name="free05_title" type="text" default="Title 05" label="MOD_CCK_MENU_TITLE" description="MOD_CCK_MENU_TITLE_DESC" class="inputbox" />
				<field name="free05_url" type="text" default="index.php" label="MOD_CCK_MENU_LINK" description="MOD_CCK_MENU_LINK_DESC" class="inputbox" size="32" />
				<field name="free05_icon" type="imagelist" default="" label="MOD_CCK_MENU_ICON" description="MOD_CCK_MENU_ICON_DESC" directory="administrator/templates/bluestork/images/menu/" exclude="icon-16-component.png" stripext="" hide_none="true" class="inputbox" />
				<field name="" type="spacer" hr="false" />
				<field name="" type="spacer" hr="true" />
				<field name="" type="spacer" hr="false" />
				<field name="free06" type="radio" default="0" label="MOD_CCK_MENU_ENABLE_06" description="MOD_CCK_MENU_ENABLE_DESC" class="btn-group">
					<option value="0">JNO</option>
					<option value="1">JYES</option>
				</field>
				<field name="free06_title" type="text" default="Title 06" label="MOD_CCK_MENU_TITLE" description="MOD_CCK_MENU_TITLE_DESC" class="inputbox" />
				<field name="free06_url" type="text" default="index.php" label="MOD_CCK_MENU_LINK" description="MOD_CCK_MENU_LINK_DESC" class="inputbox" size="32" />
				<field name="free06_icon" type="imagelist" default="" label="MOD_CCK_MENU_ICON" description="MOD_CCK_MENU_ICON_DESC" directory="administrator/templates/bluestork/images/menu/" exclude="icon-16-component.png" stripext="" hide_none="true" class="inputbox" />
				<field name="" type="spacer" hr="false" />
				<field name="" type="spacer" hr="true" />
				<field name="" type="spacer" hr="false" />
				<field name="free07" type="radio" default="0" label="MOD_CCK_MENU_ENABLE_07" description="MOD_CCK_MENU_ENABLE_DESC" class="btn-group">
					<option value="0">JNO</option>
					<option value="1">JYES</option>
				</field>
				<field name="free07_title" type="text" default="Title 07" label="MOD_CCK_MENU_TITLE" description="MOD_CCK_MENU_TITLE_DESC" class="inputbox" />
				<field name="free07_url" type="text" default="index.php" label="MOD_CCK_MENU_LINK" description="MOD_CCK_MENU_LINK_DESC" class="inputbox" size="32" />
				<field name="free07_icon" type="imagelist" default="" label="MOD_CCK_MENU_ICON" description="MOD_CCK_MENU_ICON_DESC" directory="administrator/templates/bluestork/images/menu/" exclude="icon-16-component.png" stripext="" hide_none="true" class="inputbox" />
				<field name="" type="spacer" hr="false" />
				<field name="" type="spacer" hr="true" />
				<field name="" type="spacer" hr="false" />
				<field name="free08" type="radio" default="0" label="MOD_CCK_MENU_ENABLE_08" description="MOD_CCK_MENU_ENABLE_DESC" class="btn-group">
					<option value="0">JNO</option>
					<option value="1">JYES</option>
				</field>
				<field name="free08_title" type="text" default="Title 08" label="MOD_CCK_MENU_TITLE" description="MOD_CCK_MENU_TITLE_DESC" class="inputbox" />
				<field name="free08_url" type="text" default="index.php" label="MOD_CCK_MENU_LINK" description="MOD_CCK_MENU_LINK_DESC" class="inputbox" size="32" />
				<field name="free08_icon" type="imagelist" default="" label="MOD_CCK_MENU_ICON" description="MOD_CCK_MENU_ICON_DESC" directory="administrator/templates/bluestork/images/menu/" exclude="icon-16-component.png" stripext="" hide_none="true" class="inputbox" />
				<field name="" type="spacer" hr="false" />
				<field name="" type="spacer" hr="true" />
				<field name="" type="spacer" hr="false" />
				<field name="free09" type="radio" default="0" label="MOD_CCK_MENU_ENABLE_09" description="MOD_CCK_MENU_ENABLE_DESC" class="btn-group">
					<option value="0">JNO</option>
					<option value="1">JYES</option>
				</field>
				<field name="free09_title" type="text" default="Title 09" label="MOD_CCK_MENU_TITLE" description="MOD_CCK_MENU_TITLE_DESC" class="inputbox" />
				<field name="free09_url" type="text" default="index.php" label="MOD_CCK_MENU_LINK" description="MOD_CCK_MENU_LINK_DESC" class="inputbox" size="32" />
				<field name="free09_icon" type="imagelist" default="" label="MOD_CCK_MENU_ICON" description="MOD_CCK_MENU_ICON_DESC" directory="administrator/templates/bluestork/images/menu/" exclude="icon-16-component.png" stripext="" hide_none="true" class="inputbox" />
				<field name="" type="spacer" hr="false" />
				<field name="" type="spacer" hr="true" />
				<field name="" type="spacer" hr="false" />
				<field name="free10" type="radio" default="0" label="MOD_CCK_MENU_ENABLE_10" description="MOD_CCK_MENU_ENABLE_DESC" class="btn-group">
					<option value="0">JNO</option>
					<option value="1">JYES</option>
				</field>
				<field name="free10_title" type="text" default="Title 10" label="MOD_CCK_MENU_TITLE" description="MOD_CCK_MENU_TITLE_DESC" class="inputbox" />
				<field name="free10_url" type="text" default="index.php" label="MOD_CCK_MENU_LINK" description="MOD_CCK_MENU_LINK_DESC" class="inputbox" size="32" />
				<field name="free10_icon" type="imagelist" default="" label="MOD_CCK_MENU_ICON" description="MOD_CCK_MENU_ICON_DESC" directory="administrator/templates/bluestork/images/menu/" exclude="icon-16-component.png" stripext="" hide_none="true" class="inputbox" />
			</fieldset>
		</fields>
	</config>
</extension>