<?xml version="1.0" encoding="utf-8"?>
<extension type="file" version="2.5" method="upgrade">
	<name>var_cck_seb_css3</name>
	<author>Octopoos</author>
	<authorEmail>contact@seblod.com</authorEmail>
	<authorUrl>http://www.seblod.com</authorUrl>
	<copyright>Copyright (C) 2013 SEBLOD. All Rights Reserved.</copyright>
	<license>GNU General Public License version 2 or later.</license>
	<creationDate>December 2011</creationDate>
	<description>Position Variation for SEBLOD 3.x - www.seblod.com</description>
	<version>3.0.0</version>

	<fileset>
		<files target="libraries/cck/rendering/variations">
			<folder>seb_css3</folder>

			<file>seb_css3/seb_css3.php</file>
			<file>seb_css3/options.xml</file>
			<file>seb_css3/index.html</file>
		</files>
	</fileset>
	
	<languages folder="languages">
		<language tag="en-GB">en-GB/en-GB.files_var_cck_seb_css3.sys.ini</language>
		<language tag="fr-FR">fr-FR/fr-FR.files_var_cck_seb_css3.sys.ini</language>
	</languages>
</extension>